"","ac","af_l","af_r","ar_l","ar_r","atr_l","atr_r","cbd_l","cbd_r","cbp_l","cbp_r","cbt_l","cbt_r","cst_l","cst_r","fa_l","fa_r","fma","fmi","fx_l","fx_r","ifo_l","ifo_r","ilf_l","ilf_r","mcp","mdlf_l","mdlf_r","or_l","or_r","slf1_l","slf1_r","slf2_l","slf2_r","slf3_l","slf3_r","str_l","str_r","uf_l","uf_r","vof_l","vof_r"
"361_L_AV",0.113661937384141,0.00562548951177229,0.000801898576732965,0.0170213412802014,0.00672210592148253,0.104399085956575,0.0128650049305179,0.0173050673642191,0.00212810682372857,0.00394621694202813,0.000871206791609865,0.0473706794908057,0.00238748281916798,0.00849991727580341,0.0054864475966879,0.00124425154548806,0.00041801168636076,0.0215824694464669,0.00715439812831525,0.565261053652918,0.0369058211278442,0.0405952831431958,0.00473249966371201,0.0112316467607596,0.000796193628335338,0.00493639001907221,0.0130152092911643,0.00249362482043124,0.0422501751702015,0.00752563666188359,0.00391353362665668,0.00183893789163958,0.00126846178930892,0.000702216848736808,0.000912438429567111,0.000347152622408319,0.0155156106793031,0.00320518696349083,0.0390465159349836,0.00203711858951582,0.00264181183600454,0.000496702795150555
"362_L_CeM",0.130852213793889,0.00943134826340537,0.00110271727203868,0.0348585186800032,0.0106625839647753,0.195805209864239,0.0226464759643461,0.0125295139120458,0.00238411093204128,0.00174465104695488,0.000803668317321759,0.0159093116261672,0.00200050864421867,0.0219039462338372,0.00856134760818946,0.00414586385577798,0.00104377850681553,0.0168443685483398,0.0138971870611455,0.164526628102795,0.0204220398518446,0.0677088885236273,0.00690004784754883,0.0105072350284556,0.000889319039624357,0.0142642116466289,0.0250431001527858,0.00412063065373042,0.0627115019034409,0.0104776888384608,0.0133219105850147,0.0045206277459999,0.00440319084501765,0.00130277035172056,0.00176467906840402,0.000642857219413899,0.0718210393727187,0.00914570083345615,0.049896411599468,0.00276272579628476,0.00517996483726431,0.000678629804850784
"363_L_CL",0.0793617292660861,0.00412723230355372,0.000143832588993031,0.0106614864205599,0.00219478867940142,0.13729979096206,0.00536602768449831,0.0167363598179695,0.00212702064892451,0.0016997820130876,0.00036646731482974,0.0584440921432538,0.000544358411564379,0.00881784093102135,0.00192080637564576,0.000686258406606685,9.75746036224356e-05,0.0158361944747915,0.0113890620617115,0.649533747985826,0.0105887010384895,0.0376157926693627,0.00240129970129499,0.00836743135053934,0.000101642105590151,0.00532338404483099,0.00940004671538851,0.000871995873984113,0.0368181279996567,0.0020231342524567,0.00315814740474892,0.00102646004294813,0.000524133966662376,0.000279226870745492,0.000454951091943678,0.000168459049272281,0.0182035091756282,0.00115145794223574,0.0376022485747847,0.000576918222315261,0.00180907044295034,0.00010121427659575
"364_L_CM",0.0280653199846401,0.0139964252428597,0.00138153302951672,0.0392683502632414,0.00637267269782612,0.165091352490909,0.00963657225243707,0.0168613654249142,0.00427484429137647,0.00273355202987187,0.00155267684724053,0.00480460619144233,0.000719608799278789,0.107104433416826,0.00705126211078421,0.0251203434687359,0.00265778237430613,0.0117271888105118,0.0220322461225443,0.0341308843629843,0.00394275821993433,0.0604975217861471,0.00606638858297027,0.00533556620144136,0.000602880073552346,0.0192870882523735,0.0252270439106509,0.00359128764647867,0.0508124341825949,0.00652803761105924,0.0661618812531826,0.00646863839785002,0.0227429021364513,0.00186702226165062,0.00554196505824514,0.00112387182091202,0.186080945107345,0.00753571627209761,0.0272319499748738,0.00160958010470903,0.00467559490483165,0.000533156646071048
"365_L_LD",0.0980783111625263,0.00483095775621328,0.000312706607389638,0.0128693321403708,0.00343238529186001,0.0491696596400451,0.00252574289641951,0.0218947849491957,0.00260859597724431,0.0069982042145406,0.00110797793656413,0.0691367348989778,0.000377110252559905,0.0055144209469101,0.00218584531207252,0.000775300217758755,0.000272089019740011,0.0165039976366515,0.00526374492921985,0.74227781539773,0.0117525705431871,0.0308632628614556,0.00225050165852354,0.0131312555568347,0.000381126066188414,0.00229898612968773,0.00759691893616305,0.00118341726890841,0.0339593104554257,0.00295699038978127,0.00197790422372477,0.000847646479985944,0.000920226031089205,0.000300372723404595,0.000629240553798295,0.000166742241706338,0.0133690503587238,0.000545225002745359,0.0394490133524431,0.00149573002870599,0.00139124337901842,0.000156060124284133
"366_L_LGN",0.0335481070172032,0.0209885976727763,0.000785394672186184,0.173921114930064,0.00941307625160632,0.0295105014113495,0.00316291116135713,0.0156452122915512,0.00198926163390711,0.00198238038820455,0.000704211353701499,0.0382144565464931,0.00144237533734494,0.0332508686956364,0.00409595868946212,0.00544432333348201,0.000703107778594976,0.0251845578483463,0.00565606501516844,0.0869574668728811,0.00511482241181961,0.108445867818539,0.00488636153771166,0.0271846212324378,0.000765563520802912,0.00359224091362355,0.044261174012424,0.0032846502643105,0.249749652128395,0.00968721038760522,0.0104776490961326,0.00239092649269822,0.00395254085634648,0.000766418986215924,0.00228637118311121,0.000422358267978213,0.0298798134503121,0.00252748901687199,0.0370154638581683,0.00120336605634865,0.0105972936921098,0.000590009587303947
"367_L_LP",0.0780685304645979,0.00843875331558882,0.000547013660405008,0.0188185469601395,0.00238125033526811,0.12203386438661,0.00408684393618943,0.0229995859122317,0.00248645681085899,0.00540929215385953,0.00107821359369837,0.0342645927821675,0.000728349388303191,0.00745584633179966,0.00220203739444324,0.00293036403981333,0.000502982387543118,0.0131168218497668,0.0143263544297234,0.567656623942439,0.00456658953815255,0.0593747630685857,0.00322965006409341,0.0156626650215032,0.00046033401046594,0.00250926336681454,0.0159282927416421,0.00163021390369905,0.0604093679189743,0.00309247892064852,0.0057097193717151,0.00193041741641824,0.00176989066030793,0.000541074045921266,0.00132661354503899,0.000432134610101863,0.0300834538990736,0.00156603614192656,0.0501318936981031,0.00141754452194927,0.00284358693662126,0.000290704685892984
"368_L_L-Sg",0.0342975926424164,0.0146952842426602,0.00146153524810598,0.121874736437234,0.0169928528339711,0.0829800916230285,0.0100778601921676,0.0121838254511644,0.00214801171018471,0.00117920461390934,0.000718752710951154,0.0344253457632562,0.0021276113665605,0.0199915346159773,0.00529963757005285,0.00817639266384013,0.00136418029812397,0.0220208474219318,0.0103737490026943,0.0538976537057295,0.00521758892156256,0.0920786871403938,0.00697291224266667,0.0193071962919514,0.000734837637977097,0.00437001017331085,0.043033852193314,0.00595362723672787,0.2437103938878,0.0141212937642025,0.011344887510361,0.00418056314396126,0.00350198935011635,0.00109981770830921,0.00186782982386356,0.000853811722245459,0.0644614990494308,0.010351756336237,0.0307345645680092,0.00153341765820384,0.0112599931432248,0.000592681905648648
"369_L_MDl",0.0813017926541998,0.00798337450945653,0.000953797815008468,0.0221037764728513,0.00437716850157636,0.334716561882428,0.014061755226203,0.0290108769271416,0.00480316362243055,0.00574074320247017,0.00250570495274722,0.00998408044302558,0.00106385950729608,0.00898665037157276,0.00336443297837373,0.014202218436231,0.00156278808590571,0.0121706210181252,0.0415212174633992,0.0921269736825082,0.0087585171165416,0.104795059849063,0.00718203150674976,0.00874121611107817,0.000711031976928366,0.00359538605789036,0.0188163333557922,0.0025578811658839,0.0461348925474562,0.00527664986433956,0.0102786503445333,0.00283487174383942,0.00217068717777234,0.000842568913485335,0.00175841088474247,0.000990004876866488,0.0397953959404791,0.00426955923457663,0.0646353389559481,0.00246634772222357,0.00391498561962059,0.000458101478330622
"370_L_MDm",0.108746520691285,0.00709726780875608,0.00168344741185528,0.0244530038257203,0.0118660739660534,0.213921249143857,0.0481597548341997,0.0177159272744469,0.00523253713202384,0.00394212209630955,0.0022183747237267,0.0144262979947642,0.00434757195442464,0.0113419458661159,0.00875427562477742,0.00406778181559173,0.00138426098064107,0.0168908592876825,0.0237812947016806,0.174340700156646,0.0546803128229653,0.0714230337554318,0.0143316486533914,0.00823504686417274,0.00220285262930498,0.00674600032520479,0.0194470263325191,0.00601110747682896,0.0479514206224975,0.0156680957682129,0.00749191011903417,0.00451165899724082,0.00217212103003039,0.0013448958418501,0.00128890245864808,0.000882060033784121,0.030651900067282,0.0100778968698479,0.0481197061657747,0.00698605262506378,0.00416031584361506,0.00109178326822641
"371_L_MGN",0.018091039669615,0.0184713827997241,0.00150182141031581,0.2953274265993,0.0136626716384383,0.0146121625000633,0.00431808940212691,0.00804461341165803,0.00217920006080875,0.000857958329436726,0.000327103126233285,0.0221830477252324,0.00118152153430508,0.040759228825733,0.00649055761657714,0.00257260408104547,0.000699192607409909,0.0351119988057957,0.00311741032876603,0.0254962432077702,0.00419081684811203,0.079249752398282,0.00585698012502115,0.00964262368902306,0.000885771241739383,0.0128394939987577,0.0734468198015179,0.00562545268715632,0.222945258228857,0.0109980932705043,0.0308974275768978,0.00581921791596092,0.0104873055003436,0.00162570741134005,0.00455857215706387,0.000682680301044867,0.0196380673209032,0.00517036153962251,0.0146735794975373,0.00119772648912998,0.0135993818840954,0.000787796585977428
"373_L_Pf",0.0755817571150461,0.00994806751321243,0.00288900791049084,0.0520512100106802,0.0179530302020581,0.161489127952627,0.0319204391407916,0.0132129394439495,0.00375065996833325,0.00206602642388113,0.00126482515178889,0.0109248177140809,0.00230358918007979,0.0365353680372938,0.016338000062853,0.00763083627107341,0.00334748382414192,0.0178441967327319,0.016041295234393,0.078083280580457,0.0140888784658208,0.0614324448509305,0.0121952732223318,0.00704987151851839,0.00137197407665714,0.0241513441694739,0.0306095399834916,0.00873261769493339,0.0711732810016764,0.0178329982396456,0.0244924093465005,0.00956369804222986,0.00680089625834006,0.00253199005759468,0.00231795800527474,0.00128610333655242,0.113782315127769,0.019961657404308,0.0335810831473414,0.00441043071928252,0.00597522513313591,0.00139419045542688
"374_L_PuA",0.0207943999415213,0.0173785242369341,0.00119328961690186,0.0586022948443976,0.00494123674203295,0.120305414507983,0.00737249473746339,0.0178991407268371,0.00396543470100321,0.00263670796930957,0.00137656487417574,0.011343272254558,0.000810668008029273,0.036221805290205,0.00381748869726657,0.0281879537375562,0.00267277274308008,0.0332290162365814,0.0175409621421421,0.0907445911233136,0.0029331343195569,0.0932229693190004,0.00582584701557349,0.0125106688398238,0.000635471071804294,0.00438577554585557,0.0632239879170525,0.00358668047523147,0.124721227689596,0.00607756026602159,0.0460902431540013,0.00493915749678933,0.0104915349436888,0.00128557677443859,0.00450693330706969,0.000997687235815118,0.12259030697123,0.00536606116546847,0.0260380038538455,0.0015047990570489,0.0142623687382206,0.000557741609220821
"375_L_PuI",0.0393450773288013,0.022744406745078,0.000644056676556803,0.0533809049954938,0.00351871268342245,0.0475439126714005,0.00296154292086224,0.0191063951067917,0.00198663168877542,0.0024221451130851,0.000763757107806582,0.0420044613606554,0.00124901150898755,0.0123546873951945,0.00185090065757257,0.00890857242996007,0.000864304517418129,0.0371002708332586,0.00851938974553859,0.156365365940284,0.0038026871128762,0.142155737193955,0.00484723283669126,0.0381044521337428,0.000818616192620688,0.00172293332334001,0.0560131176082929,0.00238647009230247,0.203758290583843,0.00462691260254416,0.0114931003488766,0.00218455676037265,0.00355699688787843,0.000747723204282386,0.00201142634399057,0.000462145952522794,0.0480344501362346,0.00179662016087067,0.0465759562707554,0.00121333666055629,0.0150676006955983,0.000526504128069899
"376_L_PuL",0.0200940967481119,0.0210396753245535,0.000994757031161,0.073595430067695,0.003111983728489,0.0788962406637874,0.00405136506382145,0.01510875328525,0.0033659934317156,0.00184735255949871,0.000923516904533346,0.0161896473468362,0.00059210751099051,0.033185590523003,0.00286193351338984,0.0199927877738042,0.00180837262922143,0.0425957988059128,0.0119188754092798,0.113662166827461,0.00222137629403909,0.0899501365006097,0.00495033557331063,0.0109715485519878,0.000688381001524189,0.00332660710091198,0.0839582623448228,0.00343696110469519,0.146748814290875,0.00501510360456471,0.0581131550548922,0.0049770524397263,0.0157079487963133,0.00115010339013413,0.00717156560302375,0.000799207066945561,0.101309827287134,0.0028988731927399,0.0200109367087437,0.00110690268795041,0.0145760346215159,0.000500396444517192
"377_L_PuM",0.0487793523190318,0.0130937751044806,0.000737582245254,0.0254442312170505,0.00289719909447592,0.122740672748599,0.00539288838175688,0.024286068551912,0.0033786470013226,0.00484221474601745,0.00143488239896366,0.0347811129151399,0.0020818183978627,0.0116745588750189,0.00208161302264169,0.0133270048354413,0.00133883798177375,0.0308929750317637,0.0180197922998611,0.331090792035668,0.00763111065125115,0.0928693118782477,0.00604341010508899,0.0217949989947598,0.000868410412606155,0.00231432109999235,0.0315480346911072,0.00229067808285804,0.0981877314342168,0.00445067894104788,0.0147815364268421,0.00244133118204947,0.00324529129096597,0.000739364085213004,0.00203936541924724,0.000677691912561437,0.0587829547707645,0.00203901878968193,0.044780168580801,0.001822560076518,0.00699223312693581,0.000523780816994666
"378_L_VA",0.0590525936495145,0.00823166464083096,0.000914666685418114,0.0205978396543178,0.00378075733723059,0.317446016576128,0.0107709529181622,0.0313848045305646,0.00498717853331942,0.00613430857669595,0.00265560939562854,0.0140080818717884,0.000815502730364721,0.0114806037196199,0.00322334267818365,0.00903192946983947,0.00131272939176576,0.0115663832194237,0.0436009303103619,0.159595410069462,0.00584837707610881,0.104930553560598,0.00654675761984108,0.00829208478141559,0.000545496319935918,0.00406387138230767,0.0180653200552847,0.00237682526397698,0.045233809354364,0.00477858190038941,0.0118252896608353,0.00266198373352328,0.0027684870367938,0.000827330361039609,0.00199795091054937,0.000993631172751941,0.0401427103781501,0.00333692803008226,0.0610778498181209,0.00198477364733154,0.00357639261281917,0.00040276613378585
"379_L_VLa",0.0305667253395423,0.0118459390084148,0.00112876649517821,0.0235018595209963,0.0033577199076452,0.247424385744543,0.0102817563702321,0.0272064059963329,0.00580036495543353,0.00469488845758097,0.00257340520662355,0.0100574268820233,0.00070388242294377,0.0546390629101651,0.00365573642886699,0.0444910441237645,0.00328563398738969,0.0117353003795158,0.0345846563681652,0.105391615165786,0.00377301082281922,0.0767718099821762,0.00632282549269666,0.00752196817622675,0.0005538303990994,0.00770359035818864,0.0198299322116429,0.00238235592179645,0.0467480101982055,0.00436182219673426,0.0411955233099807,0.00410228225025007,0.0111602463292199,0.00132760982191013,0.00399655102579957,0.00140290883172688,0.112934403749661,0.00429854634610625,0.0373833062753648,0.001769521859753,0.00384370005182286,0.000401194155646318
"380_L_VLp",0.0256219917580814,0.0140237708569671,0.00105815932597176,0.0233437197714416,0.00315795026787145,0.180551390176886,0.00769150988864515,0.019805862327429,0.00450522732914843,0.00320513824993935,0.00169638566586005,0.00826922263162743,0.000603629334927163,0.0847375078453734,0.00432401754661833,0.0345456973371266,0.00331838492783954,0.0117754158272522,0.0245251318078244,0.0863953975987266,0.00307237037021035,0.0635710118254397,0.00507125280581389,0.007281992007492,0.000499549286293197,0.0105115172693419,0.0214407446223294,0.00217160765518685,0.0465141301936403,0.00397460792113182,0.058217540688093,0.00504219348700504,0.020751281937381,0.00162943144531657,0.00528907447206704,0.00116351699603464,0.191825240797038,0.00501321661897763,0.0290254525004012,0.00141340337836794,0.0040396188003164,0.000355485273040206
"381_L_VPL",0.0135607755322769,0.0239356113962213,0.00139162921015126,0.0967597897326923,0.00518258419451899,0.0501752743269104,0.00560298330262505,0.0109416860529115,0.00360568370974512,0.00135086197890914,0.000672287650417876,0.00592094220359068,0.000699281795465846,0.187472512958925,0.00755319840432357,0.0127833984768665,0.00167374095517817,0.0197813084454445,0.00796206928600677,0.0298088662395146,0.00269999623182324,0.050780649760634,0.00497248431001617,0.00589135289726686,0.000674210472798184,0.0208526108602618,0.0480763172868134,0.00415382888740202,0.0810956602689523,0.00568601773846333,0.106196048288279,0.0085168658101448,0.0397651696832947,0.00174353819879747,0.010161345115514,0.000951683529494828,0.116932082051631,0.00603362261674141,0.0129337225345606,0.00123123339181797,0.00779737440670697,0.000485393993439842
"382_L_Putam",0.0582259557026694,0.0314315628590471,0.00104997597708971,0.018575477557149,0.00140991362835038,0.136195405256647,0.00650958921410704,0.0312886995802067,0.00536524250480506,0.00693933223716017,0.0024100847688428,0.00292501315452158,0.000404204575600274,0.0708359529904425,0.00448234763094083,0.0265360236111472,0.00223596467893699,0.00788082253294951,0.0449695210495588,0.0227484636062674,0.00283844664380392,0.198267980875592,0.0069203054241284,0.00764488224569528,0.000785668597833213,0.00346328144211629,0.0247168131360501,0.00184646686826381,0.0308200242998744,0.00277508275253098,0.0454860981473457,0.00633419420919118,0.026748752240528,0.00190608606676845,0.00854040882466043,0.00118608821926372,0.0527723821654568,0.0052830918546614,0.0945210757919659,0.00239054646217226,0.00349014589780516,0.000294334379420239
"383_L_Caud",0.0353307131707156,0.0136244191821771,0.00118079962117791,0.0124016267320247,0.00150896736663684,0.224993746140841,0.00846827055553723,0.0399334528110995,0.00517690325077866,0.0108964002009932,0.0026485478306549,0.00984373449286443,0.00045183892964697,0.0391791904097071,0.00312928264262705,0.0145351161261928,0.0025194020673275,0.0070698605730052,0.0811824002674036,0.111429470398342,0.0033519915943297,0.12949888102601,0.00791566593514869,0.0105721865847378,0.000723084952705014,0.00360688283085588,0.0147197074165219,0.00195924395967211,0.0288195131566249,0.00254923826202251,0.0205393676431448,0.00488335882926584,0.0114031719859739,0.00176625174089604,0.0068273771084786,0.00131081261635526,0.0329344969156296,0.00265908942865492,0.0850516402472767,0.00479338620441419,0.00201618446052085,0.000231224756500575
"384_L_NAc",0.138184554570771,0.0164054910618089,0.000685351201762369,0.00942950844816377,0.00127963120386257,0.0298150273812078,0.00418023453134412,0.110719762927458,0.0110017539260801,0.0578741116122888,0.00719362903541381,0.00767168461797493,0.00073090589425061,0.0064763884013037,0.00128799241607784,0.00177244396076789,0.000355059888878848,0.0129641097230484,0.0290174567131484,0.121714543999531,0.00962822084806295,0.142855798508456,0.00926569105575219,0.0237575301562073,0.00132399967158304,0.000591777172653362,0.0200251052591739,0.00193291125521925,0.0332386101242313,0.00314554520773374,0.00510366755962085,0.00172193764902019,0.00332890747970199,0.000600832437124735,0.0019317559813239,0.000426013537590526,0.00427076020021729,0.000828953081703242,0.161572468531027,0.010421795058439,0.00415081699525404,0.00034874210357538
"385_L_Gpe",0.092331266455027,0.0270949308396414,0.000997880148533685,0.0201897947127588,0.00199605306034504,0.186734772070923,0.00690576153334222,0.0264716998540364,0.00420365683134872,0.00420039871986636,0.00187387481594345,0.00326932540489715,0.000514263609233717,0.0838741054223022,0.00596291190477577,0.0405894225481059,0.00220452358066067,0.007258615242788,0.0407937131973398,0.0222544792873293,0.00266774160526183,0.121662046665699,0.00705452280624172,0.00623050558701756,0.000968273752048402,0.0153973897460214,0.0210221290834349,0.00203221540909778,0.0272577898488261,0.00363368750212937,0.0414207776385341,0.00377210345202271,0.0247122259281181,0.00128422423257993,0.00804664778577382,0.00104105414522582,0.0413354891346309,0.00283931272502198,0.0609577863707228,0.00177667018920381,0.00280611416024951,0.000348391000246889
"386_L_Gpi",0.0949572865412824,0.0191389516673312,0.00126713898566137,0.0470353831949931,0.00674077447752774,0.128510488440067,0.00608633712297157,0.0139993665761009,0.00292945870478764,0.00201743428471912,0.000946028187366103,0.00466332520148191,0.000940773344396808,0.162260145183282,0.0166496148764263,0.0198294413148199,0.00167708207108275,0.0124594283585488,0.0170556004796395,0.0244275050604685,0.00372084584611749,0.0666824744210976,0.00499505216784415,0.00588779608035362,0.000970594545838855,0.0564046075959431,0.0346269250473303,0.0028371942808246,0.0519857301897427,0.00671208973367796,0.0399144447056158,0.00479434943727494,0.0211720491127814,0.00165966242689849,0.00581553595602421,0.000885478772300392,0.0476988336402289,0.00421793748033954,0.0313189259781255,0.00130876754983465,0.00505517498309283,0.000424781679611784
"387_L_Amyg",0.0787535977429313,0.00801788393649235,0.000645448875424422,0.0521151788938012,0.00318693272131501,0.0283834602243133,0.00256731333177344,0.0289848678369154,0.00254368862162522,0.00811765533055353,0.00112585531818679,0.0774349793969343,0.00148360677017036,0.0248428406502511,0.00285556439643191,0.00237563407793523,0.00041528889435984,0.0248068112330253,0.00595026092053958,0.487342836098344,0.0105186585528677,0.0503340854393882,0.00442660233382943,0.00647160724869199,0.00074438720493005,0.00682574014968768,0.0287385403071245,0.00215026724196632,0.106814068280187,0.00441639547974536,0.00658667197179179,0.00235472681892307,0.00233215170239402,0.000650233475559564,0.00136216019212374,0.000397040108432048,0.0142871098956106,0.00140136139545991,0.0552454694278686,0.00181405645797997,0.00609615835928645,0.000452449373016715
"388_L_SNpc",0.0483950585738357,0.0146698999484067,0.000873477207780337,0.0488337049811156,0.00391485055918893,0.123149003421915,0.0054395138464481,0.0128034790206967,0.00248048710732491,0.00197476032134922,0.000696127785790882,0.00552455722101624,0.00066841159883757,0.216823210907302,0.0108359236727332,0.0142527125436798,0.00128166656587127,0.0133355370025767,0.0159245147690526,0.0378666507505354,0.00268400530430795,0.0624322178759046,0.00332845545775613,0.00437321596266742,0.000392069124896151,0.087679503734776,0.033267362863468,0.00206151307022744,0.0606518952715572,0.0039449776722232,0.0390250260992615,0.00446757471427039,0.0179744072716435,0.0012244148773179,0.00422527951467347,0.000684542863218951,0.0406167779135243,0.00443680894704424,0.0263474583051316,0.000856315150013852,0.0054051940925513,0.000288045272277008
"389_L_SNpr",0.0184407892971277,0.0124311880672722,0.000934682326770972,0.024983255179324,0.00191450371842577,0.143810441086218,0.00621076696861159,0.0171688028381285,0.00331931522937307,0.00260287776713855,0.00126250139795489,0.00266425640673545,0.00035184735807895,0.295569373167097,0.0170828453737743,0.0373627486219479,0.00239398614924456,0.00651043172925256,0.0226311991942563,0.0154383609149357,0.00144398600493029,0.0536935002424682,0.00352876828843836,0.00260051541248744,0.000274378335120534,0.0722174977558254,0.0169328353970916,0.00137791073770386,0.0271920734597204,0.00223769751206744,0.0442375891994622,0.00401660238682452,0.0173048207109906,0.00146300610568562,0.00455904961955096,0.000932929696585958,0.0577730380177837,0.00351470046718027,0.0240161531283899,0.000978720391030747,0.00240171359289296,0.00017252038325774
"390_L_VTA",0.0630269878918701,0.00771989531937147,0.00173199250042444,0.0308753742500273,0.00645101806940114,0.127520344962163,0.0131215770301799,0.0108774025839092,0.00210992329028125,0.00100717486497097,0.000510758176260368,0.00895470189563718,0.000945641893190348,0.123513714380613,0.0306399552748507,0.0109247055062121,0.00207076812283927,0.00939793167960942,0.0124532009398436,0.0524274124854081,0.00379570310989135,0.0435747085897344,0.00417920061670719,0.00345511770296076,0.000324136647188335,0.20750033852335,0.0199225907053102,0.00189487851309701,0.0483942160672633,0.00562521103694938,0.0228306530242607,0.00693534320127042,0.00859820624889398,0.00309510181761547,0.00214488120920056,0.00136304674473517,0.0450234148821306,0.0125358491033439,0.022099215882778,0.00125872564734431,0.00366473630951646,0.000373729036301535
"391_L_MB",0.0447753953855944,0.00282580484339434,0.00171748503729048,0.0108199263196559,0.00910574834119751,0.15119377095259,0.0882972970360213,0.00521558296919949,0.00374262112018594,0.000684579979438322,0.000749423059772158,0.00328025511837985,0.00216260154023508,0.0565462117410835,0.0349294602428027,0.00507807978924038,0.00187125348720191,0.00700793714306273,0.00665226458332426,0.0447624266326827,0.0275909589999275,0.0128101694471431,0.0061722111673611,0.00137797496511764,0.000735038899402519,0.193213252051064,0.00524220679905433,0.00300868530964913,0.0123942498060884,0.00989087200927811,0.0136055621736578,0.00626903089638175,0.00493616177881653,0.00283530729017956,0.00123961121122143,0.000887101079567887,0.0706510104911127,0.0291713245328451,0.00700449341758668,0.00158743506935489,0.000897920567780998,0.00060495873639295
"392_L_Septum",0.116266156518075,0.00921296080239297,0.00190842803767795,0.0092573775876649,0.00293725183712285,0.0107713353443287,0.011309052429909,0.0981786479178633,0.0499519538117771,0.0766188169604951,0.0364314931936914,0.0109429145150395,0.00254460318666684,0.00836872754123882,0.00410923026615095,0.00178957881437131,0.000961863236398025,0.0309163887705369,0.0448821405727358,0.193542757347438,0.0499431238377125,0.0585925565523724,0.022585600614873,0.0123145323108688,0.00327346925480609,0.000888351930957145,0.0142287584291613,0.00432321861334649,0.0265772765687157,0.00797284510657654,0.00636525310821891,0.00380789032415084,0.00428575174989348,0.00190345400483767,0.0020311414778541,0.001288287812465,0.00521787279722224,0.00213394031324428,0.064033539450255,0.0253546308535452,0.00321634112387295,0.000940817877859595
"393_L_Nb",0.185036626296969,0.015456552560165,0.0010934491145884,0.0326260920939723,0.00303788738015417,0.0268296290414325,0.00534775567174726,0.0447456082755347,0.00874453504592118,0.0209678442279389,0.00548630678760017,0.0174944687258882,0.00151508682987516,0.0163109612549912,0.00327351833097297,0.00227708367548268,0.000613324146367412,0.0255108252350481,0.0175509919715791,0.19149102969977,0.0231707606564706,0.100200629007976,0.0110158626712399,0.0212247853313838,0.00218904025053397,0.00348006210652195,0.03213614599791,0.00305212983455798,0.0732558792288763,0.00585718622176105,0.0080627500075837,0.00286593897095817,0.00413303066100127,0.00113718674466607,0.00231481831626074,0.000701664002341268,0.0102892931355831,0.0018888696723284,0.0873231990776139,0.00702677360801882,0.00679946792020145,0.000639835108235833
"394_R_AV",0.0769703017807517,0.000892915858195229,0.00364392250485335,0.00396769009277778,0.0254371318274565,0.00393725501627872,0.155735450567709,0.0021534700516552,0.0206747482557858,0.000807124743310936,0.00567987493934336,0.000900048743565729,0.0348452768431188,0.00349099586595086,0.0130073934760375,0.000529155453564964,0.00124898041720287,0.0169947328199855,0.0146163456183853,0.019452294507455,0.500181795049524,0.00434841546821957,0.0535439390530203,0.00062928588845906,0.0126629822558272,0.00519186410514644,0.00232145800826127,0.0161890371140327,0.00543909580309016,0.0527850619824199,0.00240922159354801,0.00799411353950871,0.000673147502498261,0.00205660799457705,0.00026377528142846,0.00129770046899538,0.00211212513387162,0.0181029871030406,0.00177088041617311,0.0277028014336406,0.000375890968818566,0.00307677105215932
"395_R_CeM",0.0773743566344748,0.0014814860066925,0.0060100269503386,0.00858005363150968,0.0310125508505017,0.00842167906533863,0.31464922673508,0.00289673809969674,0.0160917647392215,0.00103473690157072,0.00936363381776428,0.000768793913378321,0.011805818365422,0.00489279189328945,0.0228339674176702,0.0013251874273924,0.00432853615020473,0.0144276588115896,0.0358275318250251,0.00510557175529531,0.0840603304698795,0.00749215392303281,0.0903682997193183,0.000801857225437317,0.0086584872549051,0.0107262145620314,0.00464426706279958,0.022096205704924,0.00979573749443923,0.0551031810099994,0.00404665557477804,0.0139238888531111,0.00118270643719105,0.00454242787387241,0.000498880727296072,0.00304857629835786,0.00592071072073545,0.0667939923456639,0.00289119173696774,0.0460983394992579,0.00085572958105108,0.00445863736764304
"396_R_CL",0.0561937244237505,0.000583816236665332,0.00305096106035243,0.00206920192310004,0.0231725927752575,0.00405216294718344,0.237352448745532,0.00157030311599026,0.014387258743043,0.0010672666403515,0.00696272342989625,0.000242052175368202,0.0312653149192768,0.0022677513009341,0.0103960839496614,0.000355532051005896,0.000345183140788433,0.0131256256752338,0.0118388366582115,0.00658709320465689,0.509097615129254,0.00277710752720482,0.0463775065137339,0.000316669218823234,0.0107205702629814,0.0031832512045858,0.00128474808576439,0.0135522808597381,0.00272557444350614,0.0431683592800229,0.00129686821457814,0.0053329649819729,0.000318919460522611,0.00178706846709744,0.000125519181415941,0.00111874921237139,0.00159884475955353,0.0229227385353767,0.000627338681747223,0.0260523002283419,0.000161693074336048,0.00249605957171925
"397_R_CM",0.0144847208457383,0.00174751610662952,0.0158101831221145,0.00683175312264178,0.0389579133588771,0.00588414774300431,0.151256349270777,0.00421889537132664,0.0192541886349145,0.00105756755417016,0.00549448249969934,0.000611956737241277,0.00408759103305316,0.00733368988444068,0.120207274578128,0.00414953827310433,0.0273838653234262,0.00902222574806874,0.0193772555462279,0.00263534017822409,0.019999204367292,0.00656291691748147,0.0400607582197759,0.000662734323722068,0.00361621383540531,0.0191294394397603,0.00385494106841942,0.0193833340340728,0.00765257945948557,0.0360554686560014,0.00730280196406862,0.0781201513525648,0.00229911006511603,0.0239803943991973,0.000736088283711522,0.00811037739152852,0.00685828554391148,0.251244139813481,0.00202046491547587,0.0104241893420124,0.000695568012244868,0.00296569313877608
"398_R_LD",0.0687233669479345,0.000430510507518132,0.0021159583638764,0.00177268757728193,0.0226892004268131,0.00151703866584007,0.130767347736367,0.000995821489889205,0.0162747101406747,0.000662027611795225,0.00278831346789221,0.000183161788938192,0.0399106973492933,0.00216851510818836,0.00858355032692192,0.000141539216861914,0.000508806809341304,0.00954796792683425,0.0055823514456518,0.0131377692931177,0.672089934879121,0.00234461435739926,0.0348296645008655,0.000399987289910455,0.0151491109142309,0.003398521041163,0.000904758791621343,0.00972706225038488,0.00193265443501285,0.0407370930554753,0.000791935980751329,0.00541659796814424,0.000274061703035953,0.000929059667401667,8.98469024374784e-05,0.000916519126912488,0.00047493390338905,0.019210886800884,0.000983747858027733,0.0187794930867462,8.61614581532985e-05,0.00144510053713782
"399_R_LGN",0.032633349884256,0.00108478963359294,0.0105007375186774,0.00646184941269914,0.165230902690734,0.00236173198726516,0.0356917916138917,0.00216908498936213,0.0184880203630901,0.000680243355969639,0.00409387987002007,0.00150651710129249,0.0450115393295609,0.00353084827592038,0.035088353489408,0.000958412135105402,0.00480784399480562,0.024744395515338,0.00612680567588235,0.00407119983074474,0.0984593377256014,0.00549844232157028,0.103935039347101,0.000803457769421734,0.0257682458825215,0.00410762042026041,0.00318710795939459,0.0403034352068049,0.00834957654630703,0.257839033224614,0.00247489531499643,0.00994777509651577,0.000676477377499785,0.00361031402053809,0.000326876288816196,0.00176046062480553,0.00196585697184872,0.027064238102255,0.00140007281142304,0.0289215065344486,0.000685476916602397,0.00969082565130118
"400_R_LP",0.0540021543001817,0.00105397588261713,0.00509007526809156,0.00241393362542564,0.0286551596443243,0.00346285781825184,0.154617589246059,0.00328202501492247,0.0234163939048324,0.00129781146675832,0.00594782227648773,0.000500177279420757,0.0287623002848462,0.00201872025743381,0.0123602315809558,0.00171118522091428,0.00900923660396114,0.0173931644234939,0.0182358293867717,0.00403852347954806,0.441073510762632,0.00487276675051592,0.0632409857080586,0.000693345208267789,0.0166179045568685,0.00304308848354037,0.00208181942177448,0.0243509288360832,0.0035888547445286,0.0709193964934553,0.00307983660144939,0.0152118030389609,0.000901828539346018,0.00316657297437836,0.000433142665997876,0.00277675201054048,0.00155711800502082,0.0407964013782932,0.00175132851226748,0.0259519775845893,0.000357104023932302,0.0041558452781194
"401_R_L-Sg",0.0277485321288887,0.00132863601904373,0.0109414093755195,0.00419911223869521,0.0888927121052377,0.00770201523941465,0.130496687419584,0.00211386153979859,0.0120757982952956,0.000589311259716903,0.00296198715462644,0.000280071554935241,0.0302213048359746,0.00181791885001554,0.0160173494386741,0.00183869663484703,0.0130846173412777,0.0204983391117759,0.014543345936352,0.0016434641379873,0.0592972390225978,0.00720557968986529,0.119725004214452,0.00180731216482362,0.0224581152356139,0.0037831258056282,0.00396724657419847,0.0430044801276794,0.0100245445202885,0.196681705398654,0.00339323924501032,0.0171619847356397,0.00150190205569828,0.00433341546025809,0.000307738649011089,0.00355476806387348,0.00511303769247614,0.0904864426287861,0.00235361079418162,0.0272283789354777,0.000585493001485145,0.0112203000663674
"402_R_MDl",0.0299503476021111,0.00170255361484435,0.00522236724166136,0.00664032996376307,0.0244049413956445,0.0100750541129863,0.398239635854194,0.00594445075360701,0.0390817432976171,0.00241615980708647,0.0133897883840546,0.000786764926300889,0.00977110867919633,0.00324270804286362,0.00927420650021778,0.00327695062384262,0.0169417007456387,0.0118388572854111,0.0509576026551768,0.00394382865666173,0.0592824988799195,0.00949680502817862,0.0984930152680932,0.000773736749791791,0.00778495330218933,0.00430029683741241,0.00406253587485783,0.0150234490176855,0.00783794804553561,0.0447773547229752,0.00395667792326812,0.0111458097032792,0.00124473409989097,0.00258920209031287,0.000614066960738206,0.00606033705476601,0.00496299503807604,0.0468145691746749,0.00324753637543325,0.0357410220089063,0.000783098140709789,0.00334884983412965
"403_R_MDm",0.0717835004207042,0.00204481471111034,0.00499434755704321,0.00978037885535189,0.0301988980692395,0.0137596401547082,0.296550415117387,0.00436931796541158,0.0245130531694453,0.00160040095097031,0.00979658594223902,0.00157256916438735,0.01585452731121,0.00534125839527208,0.0141738728625263,0.00181659910610413,0.00580906045332623,0.0172012585443377,0.0343244596781022,0.0159926651604529,0.138654443361911,0.0111080827916587,0.0842625143266549,0.00125154591616771,0.00980167915125192,0.00653270990240645,0.00572414927016276,0.0209915998163794,0.0130113219230826,0.0565692242510057,0.00428711600600502,0.00955676497336464,0.00125153109679382,0.00261545583104571,0.000568568359699512,0.00324978258454419,0.00708726822372604,0.0351284124518738,0.00466564210755189,0.0387999266857502,0.00117186317653126,0.0045425694750505
"404_R_MGN",0.0154961266855618,0.0015929278959377,0.0180995292128832,0.00821495404139495,0.32001704278366,0.00239533227619882,0.0192953140161748,0.00198518105571102,0.0106409561660154,0.000291050365982647,0.00131497590048567,0.000886506188362501,0.0177640589037282,0.00476496209542351,0.0605115917127396,0.000761833486640763,0.00283442221442141,0.0291636982000227,0.00361115486123981,0.00273507411172661,0.0191949371901981,0.00590641901795741,0.0726810322355119,0.000900442926363811,0.00778271079059324,0.0109399103569049,0.00465939523534445,0.0758633577674763,0.00848536984819672,0.191872982004567,0.0055491754052976,0.0429004168109221,0.00109897644486349,0.0152007028402346,0.000625750585814611,0.0048032518092178,0.00275305103958714,0.0214647279833747,0.00136990626995231,0.0114961423826018,0.000768843598607698,0.0103428671267329
"406_R_Pf",0.0487027358980276,0.00255788838781987,0.00703665673448055,0.0146469531098384,0.0452986585112865,0.0112731755511431,0.260301317518294,0.00390398610112304,0.0196237228503718,0.00117442459869629,0.00567819418028053,0.00121982258926974,0.00923169656664703,0.0101544705661759,0.034173695968186,0.00268914602494652,0.0130335929887233,0.0140678596492134,0.026770561192856,0.00608341010407537,0.0493023818364762,0.0117082725228365,0.0644431744571713,0.00134880604298944,0.00603290276722341,0.0271823735154063,0.00810435304827483,0.0220466162104909,0.0195360051995437,0.0531989756243244,0.00712805366944614,0.024410421726249,0.00195035812565051,0.00562918037638005,0.000877420742294922,0.00424451467594506,0.0103203571465617,0.131836059304815,0.00309322722500371,0.0246504168240459,0.00165396284675519,0.00416224715593296
"407_R_PuA",0.0158011532338113,0.00159585711267019,0.0151553146861246,0.00444514911557458,0.0894231260339338,0.00407119240010663,0.0950187226575088,0.00365545014673197,0.0194596134183899,0.000875500137060555,0.00359950801797068,0.000588998007799221,0.0110763331999765,0.00324388585430421,0.0387518380712155,0.00354951885083565,0.0246208822752568,0.032344385923976,0.0134999119667921,0.0026672062577932,0.0717091925983075,0.00638443109100659,0.0856475554016403,0.000854891922711148,0.0128599047749127,0.00433226333605648,0.0036588090466668,0.0737996055220443,0.00646027008643375,0.128287775312624,0.00569930523849615,0.0555816920703702,0.00173206600733625,0.0119757582685207,0.000728166617335349,0.00556207636744396,0.0041485903921386,0.135339757969261,0.00175354634437799,0.0155246083768803,0.000683263999144108,0.0116263059345636
"408_R_PuI",0.0346482584453735,0.000991815675673759,0.0125052177501883,0.00220349040423547,0.06700016425453,0.00204962091093953,0.0466163402529067,0.00200338392210612,0.0194322079858038,0.000675417514811251,0.00407965073652913,0.000914761667801598,0.0412086511858115,0.00148476091535385,0.0109060765315922,0.00135234677557473,0.00839422869248044,0.0444706486382993,0.00786416693158484,0.00334452178895063,0.141161489498328,0.00545339442725201,0.150092945811402,0.000897558855222075,0.0337679040880163,0.0018603268695509,0.00229719911492243,0.061846132640163,0.00432666732716949,0.207305468705215,0.00243812435948186,0.0120259255739307,0.000751415571590801,0.00336906814880255,0.000318005418378228,0.00187919723349942,0.00162413805212334,0.0426173040860267,0.00133853747030383,0.03503614224862,0.000546299202342362,0.0182677171527819
"409_R_PuL",0.0136709378151686,0.0014913669659083,0.0187852144392316,0.00394318905097506,0.0994190186495935,0.00298816902390656,0.0699127661271369,0.00356659530868326,0.01792780202795,0.000746958243937755,0.00254835435216297,0.000539454371872161,0.0104812407245097,0.00349530205818094,0.0492622016920913,0.00299136100026907,0.0210811154860516,0.0286990193160631,0.00962929208252133,0.00234939576946736,0.0866561979209124,0.00557155593053877,0.065780102387952,0.000890066881037366,0.00833236848372576,0.00509708484152613,0.0032948691046863,0.0869314520825763,0.00571278249686805,0.125365702402876,0.0061985747293199,0.0924065391317089,0.00167419900853034,0.0179105153782221,0.000662140075813151,0.00876021693903937,0.00341425800575804,0.122726929319554,0.00160908150103452,0.00995285043515582,0.000631244652712822,0.00913238523283743
"410_R_PuM",0.0427450607965673,0.00121227488127852,0.00773514920090625,0.00256865101287318,0.0356841297540396,0.00357720609144068,0.11016377429122,0.00352952829505858,0.0250650655110115,0.00128348493554586,0.00640950165772085,0.00157617922002045,0.0374220528414548,0.00209206895111561,0.0133274468233394,0.00202456359483669,0.0132032486350074,0.0319561705942755,0.0157157072301882,0.00866832094630065,0.31738065615208,0.00631327571906351,0.0897987199780666,0.000990751422292646,0.0227726246588054,0.00277741380796745,0.00247706955655617,0.0354410737890188,0.00455810824969806,0.105566576783294,0.00320715850067334,0.0180271405641394,0.000946421792974564,0.00399403347647188,0.000432317020804606,0.00300314531921481,0.00197057544504561,0.0558204718037402,0.00202095885051564,0.0296031687541719,0.000543796333212078,0.00759660407836182
"411_R_VA",0.0337307865700564,0.00161477628455269,0.00537062842480925,0.00537131640215716,0.0214949065281713,0.00957287846905356,0.384734195690457,0.00607505642565596,0.0390181317369621,0.00258715825501718,0.013907480674112,0.000674106848134497,0.0100355121382589,0.00319212992366944,0.0173545995786807,0.0024542690558118,0.00994320197354181,0.0107566603970924,0.0532905622313169,0.00386534838260787,0.0878671377805611,0.00906794193665066,0.0954194933428169,0.000726544195994365,0.00667987957685134,0.00617822095289026,0.00341529985595824,0.0160890232251137,0.00644978619066483,0.0390929244220984,0.00347678588430768,0.0159265966440621,0.00112880881429051,0.00338948542329626,0.000586745785273308,0.00619920839134723,0.00377881974190738,0.0441972723978546,0.00331537887765208,0.03395220893615,0.000633792962546198,0.00307655535553804
"412_R_VLa",0.0175692382787786,0.00194758949968358,0.0103672066872692,0.0055811669459243,0.0261044599160892,0.00849992588195701,0.268183922152478,0.00650679831314,0.0358729317439085,0.00215889504118217,0.00973675608937009,0.000618192209226995,0.00871472435408576,0.0044032308292324,0.0528934890189048,0.00634699940151154,0.0499106451383425,0.0110719046571201,0.0358641326152088,0.00320755173704982,0.0680049030187234,0.00807690945888683,0.0619254326676599,0.000723463887067752,0.00633601714630209,0.00955701856077371,0.00344002731537151,0.0180222292761563,0.00628273927898975,0.0421477526430191,0.00588748825124268,0.0452075457091604,0.00217174252682294,0.0108151827979385,0.000875901843719574,0.00798109991750109,0.00529312490987309,0.128673328310011,0.00271921959923139,0.0177171318489365,0.000629128205377668,0.00329150794264564
"413_R_VLp",0.016348702723755,0.00172136555054255,0.0149036944446093,0.00478140349605261,0.0264499145866688,0.00613679183810681,0.179803106811352,0.00498532837018525,0.0248716810757283,0.00142054031606773,0.00619742067067086,0.000539804163335349,0.00776368131292373,0.00467802186450518,0.07263623351032,0.0056030858282161,0.0392053798046538,0.011336211973935,0.0235757782341311,0.00273136740566075,0.0632726948727278,0.00636758333216603,0.0518946721467413,0.000640710237740646,0.00676613203515871,0.0109203348698852,0.00300516547010139,0.0203161011583416,0.00558576860271885,0.0445001838189793,0.00656985571242725,0.0639920454445011,0.00240036749635296,0.0199065167629114,0.000804995575179485,0.00808965300267297,0.00592719412998007,0.222509918928617,0.00210479279035518,0.0147028675612515,0.000557902581704739,0.0035446559159999
"414_R_VPL",0.0106279171372748,0.00151723394015843,0.0257857054739749,0.00578692681250966,0.101250746019376,0.00331606871779202,0.0464198374359064,0.00279267143683935,0.010751169869393,0.000493833483231207,0.00177720915075386,0.0005903178440004,0.00482365890965826,0.00802691446946197,0.208987886995188,0.00198490691376936,0.011737326823809,0.0142048498755741,0.0067450373585212,0.0023130502856728,0.0213305108630226,0.00522143454932571,0.0372662871250795,0.000707522204931597,0.00496570041533623,0.019547099760636,0.00369284474883951,0.0411824601103396,0.00651239682515187,0.062546801356999,0.00708493040739187,0.120949549603202,0.00181647460001621,0.0351184859466977,0.000704545515176417,0.00911515659223023,0.00471417554001497,0.151593635053249,0.00141384769684819,0.00739684212259175,0.000635895918810169,0.00448394027983422
"415_R_Putam",0.0413235154116637,0.00147324446806947,0.0411602342435393,0.001340299161227,0.018452935955796,0.00514030526451394,0.133510792584949,0.00574071750077776,0.0318210622044483,0.00208364967909476,0.0130419874406829,0.00031151984033736,0.0029055057019642,0.0042441494026932,0.0688977127241525,0.00302936066263562,0.0229532157865647,0.00907863678796843,0.0481160757289252,0.00234012620376844,0.0152265533913425,0.00695967142581333,0.206107542762796,0.000723994781896777,0.00804609876202506,0.00289364235325191,0.0018733221315361,0.0266723287040176,0.00262507967381988,0.0303946272225029,0.0071001714438695,0.0462580372816846,0.00219772056666736,0.0291952397839781,0.000746727868601187,0.0199824749628619,0.00552633124245673,0.0502760526797899,0.003315708550691,0.0815644426706449,0.000301606612332195,0.00331183170472173
"416_R_Caud",0.0337140688251227,0.00176634674661175,0.00726176071576267,0.00264402316148969,0.0201261732102444,0.00737096873792363,0.267263873246189,0.00624987752327314,0.0325141819085397,0.00290331514522974,0.0173991306506469,0.000471039836147943,0.0089431026174196,0.00499566565857011,0.0714807591131626,0.00240621154944914,0.00862620976352236,0.00973810660301867,0.0801290452255885,0.00502052492985786,0.0992387606277649,0.00876518527697167,0.0880136821743384,0.00088456966774999,0.00755580882505278,0.00678623995719163,0.00254084268681054,0.017981759549628,0.00376003325000757,0.0342002432745998,0.00582724045463307,0.032441969848042,0.00183956073735219,0.0071217551748286,0.000879921325163926,0.00777607288921486,0.0032613074012437,0.0501901252771113,0.00520047733087907,0.0506328770239778,0.000388545930458229,0.00226440522863012
"417_R_NAc",0.12468239925686,0.00149069741853563,0.0068357624314791,0.00114393788655378,0.0137937130858883,0.00286533324858317,0.0477206926019862,0.0139823407272533,0.116333500193729,0.0147540753250689,0.0732055342637071,0.000546543947836893,0.0104461060209493,0.0014946705816328,0.0103771038115435,0.000486208527263716,0.00117922355561659,0.0138321916052758,0.0387376506778402,0.00822419160766154,0.0909820399196571,0.0101219106681107,0.132211711342921,0.00171779065878759,0.0222949466855394,0.000939371722260578,0.00186880516830696,0.0189681987223201,0.00290551080711558,0.0351424038235804,0.00199617455034931,0.00772746170428534,0.000749489054148882,0.00324842724855508,0.000302627528452534,0.00160621310834751,0.00104970624392623,0.00586359796560635,0.013072735335724,0.171297620407373,0.000343725182956203,0.00396120573753859
"418_R_Gpe",0.090169653389738,0.00151128925552531,0.0382291366729866,0.00224440522883987,0.0174211740720344,0.0054187625344307,0.193980459648251,0.00428870375128429,0.0286606222613468,0.00138194008661675,0.00980104817042047,0.000376596980086197,0.00289621251373074,0.00607374440974997,0.0982855403866668,0.00294668752048379,0.0333135835841555,0.00729422757184088,0.0481688050144989,0.00320156173929735,0.017972509799536,0.00827129871487435,0.123811771160308,0.00100456602282098,0.00481065332688089,0.0127284306790482,0.00253565493704346,0.0193254759994694,0.00415476609324511,0.0227014691611531,0.00456659345577021,0.0430630112834774,0.00155769736254286,0.0350794873062033,0.000629602762906496,0.0218792061444392,0.00305510292734137,0.0394052664010648,0.00275593321595408,0.041749134384279,0.00043731296632558,0.0019570340011405
"419_R_Gpi",0.116015602293636,0.00163919980799536,0.0232868639375119,0.00682501656644208,0.0415968712243324,0.00504929503144738,0.13939852493519,0.00301776746301756,0.0157432888511121,0.000720734154099257,0.00293522860919863,0.000791745844615232,0.00533299459152797,0.017108362950592,0.160055071439692,0.00185680284729822,0.0103884832394694,0.0164834842716038,0.0204847174081867,0.00417119086767603,0.0303576598696495,0.00770938650569081,0.0746009663832275,0.00120577396822578,0.00707168671967882,0.0472930684401925,0.00386197793475001,0.0386580755129357,0.00835499923051894,0.0543285295485327,0.00544826037891098,0.0375641402479234,0.00165657527251548,0.0246520482779627,0.000639523060968262,0.00913002659354859,0.0037988901658534,0.0381851384764262,0.0023597458038263,0.0191082413318703,0.000648204964415429,0.00496699607099852
"420_R_Amyg",0.076430400759619,0.00120352761490077,0.00539717884421282,0.00302293759154964,0.0590258600591763,0.00188543640790895,0.0278562759047078,0.00283267016700309,0.027128912409214,0.00144956744438207,0.00732349538144963,0.0012907644739287,0.0710285956846723,0.00269682115673263,0.0285187074191284,0.000500685553692352,0.00192800242031704,0.0251365241279576,0.0062052873344884,0.0103086767183867,0.459197727586898,0.00504088719729704,0.051330849014244,0.000848934648664644,0.00811462325271632,0.00808457926451811,0.00253300529470596,0.028871744677922,0.00447048407275482,0.122216061891661,0.00280064734425866,0.00646915214624362,0.000763835932256024,0.00255832091044031,0.000456663600060176,0.00113683434394669,0.00122833197400745,0.0129549003862675,0.00219595895707718,0.0279167103859548,0.000468427855846153,0.00636266603130222
"421_R_SNpc",0.0386744307995422,0.000963720907324243,0.0165679640195617,0.00253877377925295,0.0331074000277234,0.00413199106097221,0.158847204091356,0.00309975371169903,0.0164804356398944,0.000929280013207944,0.00398088211959524,0.000379496026695703,0.00496204008623796,0.0128019812689783,0.252764470678755,0.00254293435710453,0.0244864342719496,0.0129456940815399,0.0217747156856462,0.0019088965446163,0.023633167210692,0.00369663720203948,0.0609843974296546,0.000406502579624099,0.00329624200528699,0.067694227072891,0.00156976794359516,0.0277564584227233,0.00278870680986313,0.049662181467177,0.00459676320545437,0.0429914946711643,0.00138691342796708,0.0186893541862858,0.00047974136113728,0.00836909936663942,0.0034151447900136,0.0553063436700508,0.00145510665086688,0.0135381939718281,0.000244878629410724,0.00473387012583485
"422_R_SNpr",0.0147856457647059,0.00116242842778641,0.017655125884338,0.00206228805835506,0.0174785761704298,0.00486282506471946,0.132926171716596,0.00318742095656538,0.0171724717929866,0.000817019569220313,0.00364800461291989,0.000300690277238319,0.00247118714887929,0.0238182072979603,0.338636635550866,0.00356858024934194,0.0366492202209883,0.00585681070210479,0.0201324578757525,0.00149046261681236,0.0108275269650312,0.00378520412621614,0.0408889938458754,0.000378654653262354,0.00206702133092198,0.0854462012535057,0.00145082722446857,0.0137506638703541,0.00230972639287233,0.0219633218702577,0.00500221054731773,0.050095949335834,0.00182955503514332,0.0219432450697864,0.000600961039997178,0.0098242011872594,0.00406761843062633,0.0683996801237325,0.00148689607081015,0.00926536584662869,0.000235969063051326,0.00175722881917774
"423_R_VTA",0.0638045485882841,0.000998222210558389,0.00907150794396033,0.00338354334909629,0.0279508008377171,0.00656104318629028,0.152219485719707,0.00240010873959214,0.0144375453798982,0.00054965897159061,0.00280379018261105,0.000672071673818667,0.010834202295322,0.0225841986807808,0.156420957574067,0.00198640536016808,0.0131905702091699,0.0117478354548568,0.0127585845659168,0.00394789072461968,0.0657158515870969,0.00309985549161182,0.0452263643949008,0.000291070586644714,0.00378922487106502,0.194985045540138,0.0015361604788313,0.0198347828302284,0.00313888590438773,0.0488247391270811,0.00431702140530319,0.0231906530403433,0.00198721203539666,0.00885547968978702,0.000488373498941727,0.00509849085117571,0.00534695202175792,0.0454468388216899,0.0016372348388289,0.0141520648641338,0.00023616973061325,0.00366461146557533
"424_R_MB",0.0438152833298739,0.00139332681968329,0.0037315354958083,0.00900899819709641,0.0125425442762166,0.0322107976937411,0.265874676923317,0.00228599704408791,0.0102015596164733,0.00044801103811636,0.00135336605903588,0.00177143061950744,0.00393384795833276,0.0270391137236801,0.0697015396354709,0.00199422745645829,0.00633390878719431,0.00737004863687677,0.00897260514327742,0.0249099048568978,0.0550547787707717,0.00529427776388913,0.0166988745856089,0.000607651252430053,0.00139150672099103,0.18455055712143,0.00297213304476702,0.00585453038054831,0.00813719276615298,0.0138906512634787,0.00436180267317164,0.0141160000627985,0.00158628175565757,0.00581733910150071,0.00073062629312643,0.00258882547817734,0.012451155473666,0.0720234001876485,0.00305746216896525,0.00552081063973809,0.000500985913357006,0.00100346956678166
"425_R_Septum",0.123118381094962,0.00269278698821629,0.00546269196698693,0.00260547211730416,0.0138270043358439,0.00508935804655905,0.0184526510564963,0.0246630542048447,0.112019899581876,0.0247670631040656,0.0714707982419533,0.00183660775166854,0.0151414032229537,0.0042608158351488,0.0101659662652253,0.00107070609395914,0.00142511777671594,0.0403663443860269,0.0451694566250494,0.0403293511150813,0.232916422858591,0.0161195098872946,0.0676321107253303,0.00270065421534753,0.0156463180169818,0.00125967011731907,0.00354678289222302,0.0155346887833104,0.00602327323230987,0.0334320242713826,0.00403317066615939,0.00742093413134153,0.00262956112305698,0.00427787917965844,0.000964443763486289,0.00235357190441556,0.00310760876546432,0.00571672909314801,0.0165341855289437,0.0635943089568738,0.000721142199034611,0.00356415742596459
"426_R_Nb",0.216506836105937,0.00192600739239742,0.00941670160393869,0.00264484851342649,0.0304781785568528,0.0027788955469657,0.0299882979050858,0.00614457885202652,0.0459209969341575,0.00451797728875932,0.0227571463624946,0.00101902401602034,0.020664343671928,0.00263069048593207,0.0169691195428573,0.000599994536271742,0.00160141551530255,0.0298527287108523,0.0172400891916566,0.015406007607681,0.152915774023882,0.0116654365449814,0.121001238177088,0.00247693961132452,0.0321323411116299,0.00264286135863143,0.00348221252760312,0.0336748188049361,0.00620827617233072,0.0749761189230801,0.00298484632469689,0.0096145592318595,0.001242757234438,0.00448353029070153,0.000514282627479088,0.00206382222923293,0.00168933118671562,0.00906930855337527,0.00693679110296292,0.0778701715511787,0.000670035369716243,0.007654072489522
